{"accuracy": [0.6063380241394043, 0.7588028311729431, 0.7940140962600708, 0.827464759349823, 0.8404929637908936, 0.8654929399490356, 0.8816901445388794, 0.9010563492774963, 0.9140844941139221, 0.9200704097747803, 0.9316901564598083, 0.9373239278793335, 0.9404929280281067, 0.9496479034423828, 0.949999988079071, 0.9612675905227661, 0.9630281925201416, 0.9676056504249573, 0.9661971926689148, 0.9764084219932556, 0.9746478796005249, 0.9753521084785461, 0.9760563373565674, 0.9778168797492981, 0.9816901683807373, 0.9799295663833618, 0.9809859395027161, 0.9838027954101562, 0.9866197109222412, 0.9855633974075317, 0.9855633974075317, 0.9841549396514893, 0.9866197109222412, 0.9876760840415955, 0.9880281686782837, 0.9897887110710144, 0.9869718551635742, 0.9897887110710144, 0.986267626285553, 0.9897887110710144, 0.9880281686782837, 0.9883802533149719, 0.9922535419464111, 0.9919013977050781, 0.9911971688270569, 0.9911971688270569, 0.9922535419464111, 0.9911971688270569, 0.9904929399490356, 0.9922535419464111], "loss": [1.657063364982605, 0.6897992491722107, 0.5800011157989502, 0.479981929063797, 0.4299007058143616, 0.37169426679611206, 0.3242216110229492, 0.28235167264938354, 0.25103795528411865, 0.22559934854507446, 0.20475801825523376, 0.17456147074699402, 0.1556481122970581, 0.14098945260047913, 0.13584481179714203, 0.11766261607408524, 0.10214249789714813, 0.0925140306353569, 0.0954742357134819, 0.06957613676786423, 0.07954373210668564, 0.07286115735769272, 0.06989316642284393, 0.0650334283709526, 0.05498339608311653, 0.06020539999008179, 0.050526149570941925, 0.04731884226202965, 0.043733034282922745, 0.040690161287784576, 0.041760560125112534, 0.05199466645717621, 0.039974890649318695, 0.03337395563721657, 0.03597334399819374, 0.03603058680891991, 0.036010630428791046, 0.03240392729640007, 0.042135629802942276, 0.0387086421251297, 0.03227091208100319, 0.041995417326688766, 0.028142545372247696, 0.024590685963630676, 0.026269076392054558, 0.027192339301109314, 0.024886617437005043, 0.0366428941488266, 0.033406395465135574, 0.026705803349614143], "val_accuracy": [0.6850000023841858, 0.7385714054107666, 0.7900000214576721, 0.7749999761581421, 0.8071428537368774, 0.8028571605682373, 0.8071428537368774, 0.8135714530944824, 0.8135714530944824, 0.8199999928474426, 0.8149999976158142, 0.8199999928474426, 0.8192856907844543, 0.8214285969734192, 0.8278571367263794, 0.8235714435577393, 0.831428587436676, 0.824999988079071, 0.8157142996788025, 0.8235714435577393, 0.8307142853736877, 0.8357142806053162, 0.8207142949104309, 0.8335714340209961, 0.8364285826683044, 0.8328571319580078, 0.8199999928474426, 0.829285740852356, 0.8221428394317627, 0.8192856907844543, 0.822857141494751, 0.8264285922050476, 0.824999988079071, 0.824999988079071, 0.8278571367263794, 0.8257142901420593, 0.831428587436676, 0.8278571367263794, 0.8235714435577393, 0.8335714340209961, 0.824999988079071, 0.8135714530944824, 0.8285714387893677, 0.8321428298950195, 0.8385714292526245, 0.8207142949104309, 0.8299999833106995, 0.8328571319580078, 0.8235714435577393, 0.822857141494751], "val_loss": [0.8746597766876221, 0.7465349435806274, 0.6303101181983948, 0.6669619083404541, 0.5682441592216492, 0.6099750399589539, 0.6252467632293701, 0.6309424042701721, 0.6244800090789795, 0.6424283981323242, 0.6555562615394592, 0.6891850233078003, 0.7594122290611267, 0.7375355958938599, 0.7842640280723572, 0.7941414713859558, 0.8600665330886841, 0.8614661693572998, 0.9397931098937988, 0.9572378993034363, 1.0242040157318115, 0.9434977769851685, 1.0790826082229614, 1.0574997663497925, 1.1210753917694092, 1.1491185426712036, 1.217476725578308, 1.2028965950012207, 1.3153200149536133, 1.3409355878829956, 1.346289873123169, 1.3555690050125122, 1.397617220878601, 1.4882205724716187, 1.3986284732818604, 1.4814177751541138, 1.6188462972640991, 1.4770015478134155, 1.741863489151001, 1.5813220739364624, 1.7634596824645996, 1.7952359914779663, 1.6160887479782104, 1.5734723806381226, 1.7045375108718872, 1.7422327995300293, 1.8850741386413574, 1.7254666090011597, 1.695414662361145, 1.9804450273513794]}